islem_id;kullanici_id;tarih;saat;tutar;islem_kategorisi;odeme_yontemi;cihaz_tipi;sehir;banka_tipi;ayni_gun_islem_sayisi;son_30dk_islem_sayisi;daha_once_reddedildi_mi;fraud
1,0;1,0;2025-12-11;15:00:04;1500,0;para_transferi;banka_transferi;atm;manisa;akbank;1,0;0,0;0,0;0
2,0;2,0;2025-12-11;14:10:29;62,5;alisveris;banka_karti;pos;manisa;ziraat;4,0;0,0;0,0;0
3,0;2,0;2025-12-11;16:04:09;6000,0;burs;banka_transferi;sistem;manisa;ziraat;4,0;0,0;0,0;0
4,0;2,0;2025-12-11;17:19:54;100,0;para_transferi;banka_transferi;mobil;manisa;ziraat;4,0;0,0;0,0;0
5,0;2,0;2025-12-11;20:49:45;94,0;alisveris;banka_karti;pos;manisa;ziraat;4,0;0,0;0,0;0
6,0;2,0;2025-12-10;00:11:15;3000,0;burs;banka_transferi;sistem;manisa;ziraat;4,0;0,0;0,0;1
7,0;2,0;2025-12-10;02:14:52;128,48;fatura;banka_transferi;sistem;manisa;ziraat;4,0;0,0;0,0;0
8,0;2,0;2025-12-10;08:17:13;432,74;abonelik;banka_karti;web;manisa;ziraat;4,0;0,0;0,0;0
9,0;2,0;2025-12-10;12:26:10;400,0;para_transferi;banka_transferi;mobil;manisa;ziraat;4,0;0,0;0,0;0
10,0;2,0;2025-12-01;11:35:55;209,99;ulasim_karti_yukleme;banka_karti;mobil;manisa;ziraat;5,0;0,0;0,0;0
11,0;2,0;2025-12-01;14:39:56;40,0;alisveris;banka_karti;pos;manisa;ziraat;5,0;0,0;0,0;0
12,0;2,0;2025-12-01;16:26:31;120,0;yemek;banka_karti;pos;manisa;ziraat;5,0;0,0;0,0;0
13,0;2,0;2025-12-01;16:30:26;50,0;yemek;banka_karti;pos;manisa;ziraat;5,0;1,0;0,0;0
14,0;2,0;2025-12-01;23:59:23;100,0;yemek;banka_transferi;mobil;manisa;ziraat;5,0;0,0;0,0;0
15,0;2,0;2025-12-02;00:01:13;100,0;para_transferi;banka_transferi;mobil;manisa;ziraat;4,0;0,0;0,0;0
16,0;2,0;2025-12-02;09:04:14;30,0;yemek;banka_karti;pos;manisa;ziraat;4,0;0,0;0,0;0
17,0;2,0;2025-12-02;09:27:36;39,5;yemek;banka_karti;pos;manisa;ziraat;4,0;1,0;0,0;0
18,0;2,0;2025-12-02;18:21:48;35,0;yemek;banka_karti;pos;manisa;ziraat;4,0;0,0;0,0;0
19,0;2,0;2025-12-03;16:01:45;50,0;yemek;banka_karti;pos;manisa;ziraat;1,0;0,0;0,0;0
21,0;2,0;2025-12-05;15:25:15;60,0;yemek;banka_karti;pos;manisa;ziraat;3,0;0,0;0,0;0
22,0;2,0;2025-12-05;19:07:07;328,0;yemek;banka_transferi;mobil;manisa;ziraat;3,0;0,0;0,0;0
23,0;2,0;2025-12-05;19:54:50;75,0;alisveris;banka_karti;pos;manisa;ziraat;3,0;0,0;0,0;0
24,0;2,0;2025-11-24;02:00:50;3500,0;para_transferi;banka_transferi;mobil;manisa;ziraat;4,0;0,0;0,0;1
25,0;2,0;2025-11-24;02:01;150,0;para_transferi;banka_transferi;mobil;manisa;ziraat;4,0;0,0;1,0;1
26,0;2,0;2025-11-24;20:21:36;95,0;para_transferi;banka_transferi;mobil;manisa;ziraat;4,0;0,0;0,0;0
27,0;2,0;2025-11-24;23:38;2400,0;para_transferi;banka_transferi;mobil;manisa;ziraat;4,0;0,0;0,0;0
28,0;2,0;2025-11-25;12:03;250,0;saglik_odemesi;banka_transferi;web;manisa;ziraat;3,0;0,0;0,0;0
29,0;2,0;2025-11-25;22:04;385,0;para_transferi;banka_transferi;mobil;manisa;ziraat;3,0;0,0;0,0;0
30,0;2,0;2025-11-25;22:05;1500,0;para_transferi;banka_transferi;mobil;manisa;ziraat;3,0;1,0;0,0;0
31,0;2,0;2025-11-26;14:03;8000,0;para_transferi;banka_transferi;mobil;manisa;ziraat;2,0;0,0;0,0;1
32,0;2,0;2025-11-26;20:21;199,0;yemek;banka_karti;pos;izmir;ziraat;2,0;0,0;0,0;0
33,0;2,0;2025-11-27;16:06;33,46;toplu_tasima;banka_karti;pos;manisa;ziraat;4,0;0,0;0,0;0
34,0;2,0;2025-11-27;20:06;1500,0;para_transferi;banka_transferi;mobil;manisa;ziraat;4,0;0,0;0,0;0
35,0;2,0;2025-11-27;20:09;200,0;para_transferi;banka_transferi;mobil;manisa;ziraat;4,0;1,0;0,0;0
36,0;2,0;2025-11-27;20:17;2269,0;alisveris;banka_karti;mobil;manisa;ziraat;4,0;2,0;0,0;0
37,0;2,0;2025-11-28;15:53;275,5;alisveris;banka_karti;mobil;manisa;ziraat;2,0;0,0;0,0;0
38,0;2,0;2025-11-28;22:42;570,0;para_transferi;banka_transferi;mobil;manisa;ziraat;2,0;0,0;0,0;0
39,0;2,0;2025-11-23;20:59;301,1;yemek;banka_karti;pos;manisa;ziraat;1,0;0,0;0,0;0
40,0;2,0;2025-11-21;14:48;150,0;yemek;banka_karti;mobil;manisa;ziraat;1,0;0,0;0,0;0
41,0;2,0;2025-11-20;12:55;107,4;alisveris;banka_karti;pos;manisa;ziraat;2,0;0,0;0,0;0
42,0;2,0;2025-11-20;16:01;66,5;alisveris;banka_karti;pos;manisa;ziraat;2,0;0,0;0,0;0
43,0;2,0;2025-11-18;11:25;50,0;alisveris;banka_karti;pos;manisa;ziraat;1,0;0,0;0,0;0
44,0;2,0;2025-11-17;10:08;10,0;alisveris;banka_karti;pos;manisa;ziraat;5,0;0,0;0,0;0
45,0;2,0;2025-11-17;11:42;45,0;alisveris;banka_karti;pos;manisa;ziraat;5,0;0,0;0,0;0
46,0;2,0;2025-11-17;14:46;74,42;alisveris;banka_karti;pos;manisa;ziraat;5,0;0,0;0,0;0
47,0;2,0;2025-11-17;23:09;800,0;para_transferi;banka_transferi;mobil;manisa;ziraat;5,0;0,0;0,0;0
48,0;2,0;2025-11-17;23:09;125,0;para_transferi;banka_transferi;mobil;manisa;ziraat;5,0;1,0;0,0;0
49,0;2,0;2025-11-16;13:39;70,0;alisveris;banka_karti;pos;manisa;ziraat;1,0;0,0;0,0;0
50,0;2,0;2025-11-15;16:03;70,0;para_transferi;banka_transferi;mobil;manisa;ziraat;3,0;0,0;0,0;0
51,0;2,0;2025-11-15;18:49;8,63;alisveris;banka_karti;pos;manisa;ziraat;3,0;0,0;0,0;0
52,0;2,0;2025-11-15;18:54;25,0;alisveris;banka_karti;pos;manisa;ziraat;3,0;1,0;0,0;0
53,0;2,0;2025-11-14;21:49;120,0;alisveris;banka_karti;pos;manisa;ziraat;1,0;0,0;0,0;0
54,0;2,0;2025-11-13;05:57;105,0;ulasim_karti_yukleme;banka_karti;mobil;manisa;ziraat;2,0;0,0;0,0;0
55,0;2,0;2025-11-13;13:12;175,0;para_transferi;banka_transferi;mobil;manisa;ziraat;2,0;0,0;0,0;0
56,0;2,0;2025-11-12;08:23;10,0;alisveris;banka_karti;pos;manisa;ziraat;2,0;0,0;0,0;0
57,0;2,0;2025-11-12;10:33;50,0;alisveris;banka_karti;pos;manisa;ziraat;2,0;0,0;0,0;0
58,0;2,0;2025-11-11;20:33;670,5;fatura;banka_karti;mobil;manisa;ziraat;2,0;0,0;0,0;0
61,0;2,0;2025-11-11;17:26;116,53;alisveris;banka_karti;pos;manisa;ziraat;2,0;0,0;0,0;0
62,0;2,0;2025-11-10;00:10;3000,0;burs;banka_transferi;mobil;manisa;ziraat;3,0;0,0;0,0;0
63,0;2,0;2025-11-10;01:49;1293,53;harclik_avans;banka_transferi;mobil;manisa;ziraat;3,0;0,0;0,0;0
64,0;2,0;2025-11-10;22:03;150,0;para_transferi;banka_transferi;mobil;manisa;ziraat;3,0;0,0;0,0;0
65,0;2,0;2025-11-09;19:36;105,0;para_transferi;banka_transferi;mobil;manisa;ziraat;2,0;0,0;0,0;0
66,0;2,0;2025-11-09;19:37;105,0;para_transferi;banka_transferi;mobil;manisa;ziraat;2,0;1,0;0,0;0
67,0;2,0;2025-11-01;12:57;;para_transferi;banka_transferi;mobil;manisa;ziraat;3,0;0,0;0,0;0
68,0;2,0;2025-11-01;12:58;150,0;para_transferi;banka_transferi;mobil;manisa;ziraat;3,0;1,0;0,0;0
69,0;2,0;2025-11-01;15:06;150,0;yemek;banka_karti;pos;manisa;ziraat;3,0;0,0;0,0;0
70,0;2,0;2025-10-31;18:04;43,81;alisveris;banka_karti;pos;manisa;ziraat;5,0;0,0;0,0;0
71,0;2,0;2025-10-31;12:33;500,0;para_transferi;banka_transferi;mobil;manisa;ziraat;5,0;0,0;0,0;0
72,0;2,0;2025-10-31;12:35;209,99;ulasim_karti_yukleme;banka_karti;mobil;manisa;ziraat;5,0;1,0;0,0;0
73,0;2,0;2025-10-31;14:25;100,0;nakit_cekme;banka_karti;atm;manisa;ziraat;5,0;0,0;0,0;0
74,0;2,0;2025-10-31;16:35;150,0;alisveris;banka_karti;mobil;manisa;ziraat;5,0;0,0;0,0;0
75,0;2,0;2025-09-05;16:15;67,84;alisveris;banka_karti;pos;manisa;ziraat;5,0;0,0;0,0;0
76,0;2,0;2025-09-05;16:25;149,9;alisveris;banka_karti;pos;manisa;ziraat;5,0;1,0;0,0;0
77,0;2,0;2025-09-05;16:42;4000,0;para_transferi;banka_transferi;mobil;manisa;ziraat;5,0;2,0;0,0;0
78,0;2,0;2025-09-05;16:49;4000,0;para_transferi;banka_transferi;mobil;manisa;ziraat;5,0;2,0;0,0;0
79,0;2,0;2025-09-05;17:03;123,71;alisveris;banka_karti;pos;manisa;ziraat;5,0;2,0;0,0;0
80,0;2,0;2025-09-07;09:22;30,0;alisveris;banka_karti;pos;manisa;ziraat;3,0;0,0;0,0;0
81,0;2,0;2025-09-07;22:30;50,0;para_transferi;banka_transferi;mobil;manisa;ziraat;3,0;0,0;0,0;0
82,0;2,0;2025-09-07;22:31;488,25;fatura;banka_karti;mobil;manisa;ziraat;3,0;1,0;0,0;0
83,0;2,0;2025-09-09;08:25;4800,0;para_transferi;banka_transferi;mobil;manisa;ziraat;3,0;0,0;0,0;0
84,0;2,0;2025-09-09;17:25;8050,0;nakit_yatirma;banka_karti;atm;manisa;ziraat;3,0;0,0;0,0;0
85,0;2,0;2025-09-09;17:29;4728,5;ogrenim_parasi;banka_karti;atm;manisa;ziraat;3,0;1,0;0,0;0
86,0;2,0;2025-09-10;00:10;3000,0;burs;banka_transferi;mobil;manisa;ziraat;4,0;0,0;0,0;0
87,0;2,0;2025-09-10;11:27;3000,0;para_transferi;banka_transferi;mobil;manisa;ziraat;4,0;0,0;0,0;0
88,0;2,0;2025-09-10;16:19;89,0;alisveris;banka_karti;pos;manisa;ziraat;4,0;0,0;0,0;0
89,0;2,0;2025-09-10;17:23;570,0;para_transferi;banka_transferi;mobil;manisa;ziraat;4,0;0,0;0,0;0
90,0;2,0;2025-09-12;09:03;401,4;alisveris;banka_karti;pos;mugla;ziraat;5,0;0,0;0,0;0
91,0;2,0;2025-09-12;11:45;900,0;plaj_bolumu;banka_karti;pos;mugla;ziraat;5,0;0,0;0,0;0
92,0;2,0;2025-09-12;15:26;254,39;alisveris;banka_karti;pos;mugla;ziraat;5,0;0,0;0,0;0
93,0;2,0;2025-09-12;18:04;1600,0;yemek;banka_karti;pos;mugla;ziraat;5,0;0,0;0,0;0
94,0;2,0;2025-09-12;18:55;1050,0;teleferik_ucret;banka_karti;pos;mugla;ziraat;5,0;0,0;0,0;0
95,0;2,0;2025-09-13;16:48;600,0;para_transferi;banka_transferi;mobil;mugla;ziraat;2,0;0,0;0,0;0
96,0;2,0;2025-09-13;17:40;90,0;alisveris;banka_karti;pos;mugla;ziraat;2,0;0,0;0,0;0
97,0;2,0;2025-09-14;12:29;90,0;alisveris;banka_karti;pos;mugla;ziraat;4,0;0,0;0,0;0
98,0;2,0;2025-09-14;18:57;1300,0;para_transferi;banka_transferi;mobil;izmir;ziraat;4,0;0,0;0,0;0
99,0;2,0;2025-09-14;19:43;200,0;nakit_cekme;banka_karti;atm;manisa;ziraat;4,0;0,0;0,0;0
100,0;2,0;2025-09-14;21:28;202,2;alisveris;banka_karti;pos;manisa;ziraat;4,0;0,0;0,0;0
101,0;3,0;2025-12-14;14:55;800,0;alisveris;banka_karti;pos;manisa;yap?kredi;8,0;0,0;0,0;1
103,0;3,0;2025-12-14;10:19;127,0;alisveris;banka_karti;pos;manisa;yap?kredi;8,0;2,0;0,0;1
104,0;3,0;2025-12-14;10:13;250,0;alisveris;banka_karti;pos;manisa;yap?kredi;8,0;1,0;0,0;1
105,0;3,0;2025-12-14;10:05;458,0;alisveris;banka_karti;pos;manisa;yap?kredi;8,0;0,0;0,0;1
106,0;3,0;2025-12-14;20:50;48,75;alisveris;banka_karti;pos;manisa;yap?kredi;8,0;0,0;0,0;1
107,0;3,0;2025-12-14;17:03;65,0;yemek;banka_karti;pos;manisa;yap?kredi;8,0;1,0;0,0;1
108,0;3,0;2025-12-14;16:50;336,5;alisveris;banka_karti;pos;manisa;yap?kredi;8,0;0,0;0,0;1
109,0;3,0;2025-12-14;15:10;120,0;alisveris;banka_karti;pos;manisa;yap?kredi;8,0;0,0;0,0;1
110,0;3,0;2025-12-13;14:06;5000,0;para_transferi;banka_transferi;mobil;manisa;yap?kredi;9,0;0,0;0,0;1
111,0;3,0;2025-12-13;14:18;100,0;para_transferi;banka_transferi;mobil;manisa;yap?kredi;9,0;1,0;0,0;1
112,0;3,0;2025-12-13;14:39;500,0;nakit_cekme;banka_karti;atm;manisa;yap?kredi;9,0;1,0;0,0;1
113,0;3,0;2025-12-13;14:40;107,0;yemek;banka_karti;pos;manisa;yap?kredi;9,0;2,0;0,0;1
114,0;3,0;2025-12-13;14:50;1000,0;para_transferi;banka_transferi;mobil;manisa;yap?kredi;9,0;2,0;0,0;1
115,0;3,0;2025-12-13;17:51;45,0;yemek;banka_karti;pos;manisa;yap?kredi;9,0;0,0;0,0;1
116,0;3,0;2025-12-13;20:27;200,0;para_transferi;banka_transferi;mobil;manisa;yap?kredi;9,0;0,0;0,0;1
117,0;3,0;2025-12-13;20:46;265,0;yemek;banka_karti;pos;manisa;yap?kredi;9,0;1,0;0,0;1
118,0;3,0;2025-12-13;20:52;166,0;alisveris;banka_karti;pos;manisa;yap?kredi;9,0;2,0;0,0;1
119,0;3,0;2025-12-12;08:42;247,0;alisveris;banka_karti;pos;manisa;yap?kredi;4,0;0,0;0,0;0
120,0;3,0;2025-12-12;18:48;50,0;alisveris;banka_karti;pos;manisa;yap?kredi;4,0;0,0;0,0;0
121,0;3,0;2025-12-12;18:55;47,5;alisveris;banka_karti;pos;manisa;yap?kredi;4,0;1,0;0,0;0
122,0;3,0;2025-12-12;18:59;107,0;alisveris;banka_karti;pos;manisa;yap?kredi;4,0;2,0;0,0;0
123,0;3,0;2025-12-11;08:19;142,5;alisveris;banka_karti;pos;manisa;yap?kredi;6,0;0,0;0,0;1
124,0;3,0;2025-12-11;15:49;250,0;alisveris;banka_karti;pos;manisa;yap?kredi;6,0;0,0;0,0;1
125,0;3,0;2025-12-11;15:54;117,0;alisveris;banka_karti;pos;manisa;yap?kredi;6,0;1,0;0,0;1
126,0;3,0;2025-12-11;16:38;600,0;nakit_cekme;banka_karti;atm;manisa;yap?kredi;6,0;0,0;0,0;1
127,0;3,0;2025-12-11;16:50;450,0;alisveris;banka_karti;pos;manisa;yap?kredi;6,0;1,0;0,0;1
128,0;3,0;2025-12-11;18:40;200,0;para_transferi;banka_transferi;mobil;manisa;yap?kredi;6,0;0,0;0,0;1
129,0;3,0;2025-12-10;18:14;5000,0;para_transferi;banka_transferi;mobil;manisa;yap?kredi;4,0;0,0;0,0;1
130,0;3,0;2025-12-10;19:19;1205,0;fatura;banka_transferi;mobil;manisa;yap?kredi;4,0;0,0;0,0;0
131,0;3,0;2025-12-10;19:41;214,0;alisveris;banka_karti;pos;manisa;yap?kredi;4,0;1,0;0,0;0
132,0;3,0;2025-12-06;13:35;30,0;alisveris;banka_karti;pos;manisa;yap?kredi;1,0;0,0;0,0;0
133,0;3,0;2025-11-26;09:21;250,0;para_transferi;banka_transferi;mobil;manisa;yap?kredi;3,0;0,0;0,0;0
134,0;3,0;2025-11-26;09:23;627,75;fatura;banka_transferi;mobil;manisa;yap?kredi;3,0;1,0;0,0;0
135,0;3,0;2025-11-26;05:10;80,0;saglik_odemesi;banka_karti;pos;manisa;yap?kredi;3,0;0,0;0,0;0
136,0;4,0;2025-12-14;21:02;190,0;para_transferi;banka_transferi;mobil;manisa;garantiBBVA;1,0;0,0;0,0;0
137,0;4,0;2025-12-05;14:28;370,0;alisveris;banka_karti;pos;manisa;garantiBBVA;3,0;0,0;0,0;0
138,0;4,0;2025-12-05;14:32;150,0;alisveris;banka_karti;pos;manisa;garantiBBVA;3,0;1,0;0,0;0
139,0;4,0;2025-12-05;15:41;65,5;alisveris;banka_karti;pos;manisa;garantiBBVA;3,0;0,0;0,0;0
140,0;4,0;2025-12-08;02:48;300,0;para_transferi;banka_transferi;mobil;manisa;garantiBBVA;2,0;0,0;0,0;0
141,0;4,0;2025-12-08;03:14;297,74;alisveris;banka_karti;mobil;manisa;garantiBBVA;2,0;1,0;0,0;0
142,0;4,0;2025-12-03;16:45;323,29;alisveris;banka_karti;mobil;manisa;garantiBBVA;1,0;0,0;0,0;0
143,0;4,0;2025-12-02;12:56;150,0;alisveris;banka_karti;pos;manisa;garantiBBVA;2,0;0,0;0,0;0
144,0;4,0;2025-12-02;13:09;70,0;alisveris;banka_karti;pos;manisa;garantiBBVA;2,0;1,0;0,0;0
145,0;4,0;2025-11-28;14:29;160,0;alisveris;banka_karti;pos;manisa;garantiBBVA;6,0;0,0;0,0;1
146,0;4,0;2025-11-28;15:02;44,69;alisveris;banka_karti;pos;manisa;garantiBBVA;6,0;0,0;0,0;1
147,0;4,0;2025-11-28;15:15;6700,0;para_transferi;banka_karti;atm;manisa;garantiBBVA;6,0;1,0;0,0;1
148,0;4,0;2025-11-28;15:38;273,75;alisveris;banka_karti;pos;manisa;garantiBBVA;6,0;1,0;0,0;1
149,0;4,0;2025-11-28;15:43;227,5;alisveris;banka_karti;pos;manisa;garantiBBVA;6,0;2,0;0,0;1
150,0;4,0;2025-11-28;20:50;2500,0;para_transferi;banka_transferi;mobil;manisa;garantiBBVA;6,0;0,0;0,0;1
151,0;4,0;2025-11-25;08:17;200,0;para_transferi;banka_transferi;mobil;manisa;garantiBBVA;1,0;0,0;0,0;0
152,0;4,0;2025-01-24;22:11;150,0;para_transferi;banka_transferi;mobil;manisa;garantiBBVA;2,0;0,0;0,0;0
153,0;4,0;2025-11-24;23:46;150,0;para_transferi;banka_transferi;mobil;manisa;garantiBBVA;2,0;0,0;0,0;0
154,0;4,0;2025-11-19;11:25;374,0;alisveris;banka_karti;mobil;manisa;garantiBBVA;4,0;0,0;0,0;0
155,0;4,0;2025-11-19;17:42;2000,0;para_transferi;banka_transferi;mobil;manisa;garantiBBVA;4,0;0,0;0,0;0
156,0;4,0;2025-11-19;18:29;4250,0;para_transferi;banka_transferi;mobil;manisa;garantiBBVA;4,0;0,0;0,0;0
157,0;4,0;2025-11-19;21:46;1950,0;para_transferi;banka_transferi;mobil;manisa;garantiBBVA;4,0;0,0;0,0;0
158,0;4,0;2025-11-16;16:16;2500,0;para_transferi;banka_transferi;mobil;manisa;garantiBBVA;2,0;0,0;0,0;0
159,0;4,0;2025-11-16;20:50;22,5;alisveris;banka_karti;pos;manisa;garantiBBVA;1,0;0,0;0,0;0
160,0;4,0;2025-11-18;10:17;1500,0;burs;banka_transferi;mobil;manisa;garantiBBVA;1,0;0,0;0,0;0
161,0;4,0;2025-11-14;02:14;255,0;fatura;banka_karti;mobil;manisa;garantiBBVA;1,0;0,0;0,0;0
162,0;4,0;2025-11-12;13:23;142,08;alisveris;banka_karti;pos;manisa;garantiBBVA;1,0;0,0;0,0;0
163,0;4,0;2025-11-11;00:14;110,0;para_transferi;banka_transferi;mobil;manisa;garantiBBVA;3,0;0,0;0,0;0
164,0;4,0;2025-11-11;11:29;85,0;alisveris;banka_karti;pos;manisa;garantiBBVA;3,0;0,0;0,0;0
165,0;4,0;2025-11-11;11:35;125,0;para_transferi;banka_transferi;mobil;manisa;garantiBBVA;3,0;1,0;0,0;0
166,0;4,0;2025-11-08;00:32;494,18;alisveris;banka_karti;mobil;manisa;garantiBBVA;3,0;0,0;0,0;0
167,0;4,0;2025-11-08;13:34;100,0;para_transferi;banka_transferi;mobil;manisa;garantiBBVA;3,0;0,0;0,0;0
168,0;4,0;2025-11-08;21:11;250,0;para_transferi;banka_transferi;mobil;manisa;garantiBBVA;3,0;0,0;0,0;0
169,0;4,0;2025-11-07;04:16;600,0;para_transferi;banka_transferi;mobil;manisa;garantiBBVA;4,0;0,0;0,0;0
170,0;4,0;2025-11-07;13:34;250,0;para_transferi;banka_transferi;mobil;manisa;garantiBBVA;4,0;0,0;0,0;0
171,0;4,0;2025-11-07;13:37;432,46;alisveris;banka_karti;mobil;manisa;garantiBBVA;4,0;1,0;0,0;0
172,0;4,0;2025-11-07;23:52;100,0;para_transferi;banka_transferi;mobil;manisa;garantiBBVA;4,0;0,0;0,0;0
173,0;4,0;2025-11-06;14:22;250,0;para_transferi;banka_transferi;mobil;manisa;garantiBBVA;2,0;0,0;0,0;0
174,0;4,0;2025-11-06;14:28;450,0;para_transferi;banka_transferi;mobil;manisa;garantiBBVA;2,0;1,0;0,0;0
175,0;1,0;2025-12-14;16:49;95,0;alisveris;banka_karti;pos;manisa;ziraat;3,0;0,0;0,0;0
176,0;1,0;2025-12-14;16:53;105,0;alisveris;banka_karti;pos;manisa;ziraat;3,0;1,0;0,0;0
177,0;1,0;2025-12-14;20:51;190,5;alisveris;banka_karti;pos;manisa;ziraat;3,0;0,0;0,0;0
178,0;4,0;2025-11-01;19:19;10000,0;para_transferi;banka_transferi;atm;manisa;garantiBBVA;3,0;0,0;0,0;0
179,0;4,0;2025-11-01;23:10;3,0;para_transferi;banka_transferi;mobil;manisa;garantiBBVA;3,0;0,0;0,0;0
180,0;4,0;2025-11-01;23:12;10000,0;para_transferi;banka_transferi;mobil;manisa;garantiBBVA;3,0;1,0;0,0;1
181,0;4,0;2025-10-30;09:01;325,0;para_transferi;banka_transferi;mobil;manisa;garantiBBVA;2,0;0,0;0,0;0
182,0;4,0;2025-10-30;09:14;771,5;alisveris;banka_karti;mobil;manisa;garantiBBVA;2,0;1,0;0,0;0
183,0;4,0;2025-10-27;09:46;150,0;para_transferi;banka_transferi;mobil;manisa;garantiBBVA;1,0;0,0;0,0;0
184,0;4,0;2025-10-25;19:15;200,0;para_transferi;banka_transferi;mobil;manisa;garantiBBVA;2,0;0,0;0,0;0
185,0;4,0;2025-10-25;19:42;200,0;para_transferi;banka_karti;mobil;manisa;garantiBBVA;2,0;1,0;0,0;0
186,0;4,0;2025-10-23;15:55;300,0;para_transferi;banka_transferi;mobil;manisa;garantiBBVA;1,0;0,0;0,0;0
187,0;4,0;2025-10-21;10:20;300,0;alisveris;banka_karti;pos;manisa;garantiBBVA;3,0;0,0;0,0;0
188,0;4,0;2025-10-21;10:46;1500,0;burs;banka_transferi;mobil;manisa;garantiBBVA;3,0;1,0;0,0;0
189,0;4,0;2025-10-21;11:04;8895,0;para_transferi;banka_transferi;mobil;manisa;garantiBBVA;3,0;1,0;0,0;1
190,0;4,0;2025-10-20;01:45;318,07;alisveris;banka_karti;mobil;manisa;garantiBBVA;3,0;0,0;0,0;0
191,0;4,0;2025-10-20;01:48;98,0;para_transferi;banka_transferi;mobil;manisa;garantiBBVA;3,0;1,0;0,0;0
192,0;4,0;2025-10-20;16:03;1100,0;para_transferi;banka_transferi;mobil;manisa;garantiBBVA;3,0;0,0;0,0;0
193,0;5,0;2025-11-26;09:21;250,0;para_transferi;banka_transferi;mobil;manisa;garantiBBVA;2,0;0,0;0,0;0
194,0;5,0;2025-11-26;14:03;8000,0;para_transferi;banka_transferi;mobil;manisa;garantiBBVA;2,0;0,0;0,0;1
195,0;5,0;2025-11-25;22:05;1500,0;para_transferi;banka_transferi;mobil;manisa;garantiBBVA;1,0;0,0;0,0;0
196,0;5,0;2025-11-24;02:00;3500,0;para_transferi;banka_transferi;mobil;manisa;garantiBBVA;5,0;0,0;0,0;0
197,0;5,0;2025-11-24;08:19;196,78;fatura;banka_karti;mobil;manisa;garantiBBVA;5,0;0,0;0,0;0
198,0;5,0;2025-11-24;17:34;70,0;alisveris;banka_karti;pos;manisa;garantiBBVA;5,0;0,0;0,0;0
199,0;5,0;2025-11-24;17:40;453,99;fatura;banka_karti;mobil;manisa;garantiBBVA;5,0;1,0;0,0;0
200,0;5,0;2025-11-24;23:46;150,0;para_transferi;banka_transferi;mobil;manisa;garantiBBVA;5,0;0,0;0,0;0
201,0;5,0;2025-11-23;22:11;105,0;alisveris;banka_karti;pos;manisa;garantiBBVA;1,0;0,0;0,0;0
202,0;5,0;2025-11-21;19:47;435,0;fatura;banka_karti;mobil;manisa;garantiBBVA;1,0;0,0;0,0;0
203,0;5,0;2025-11-20;21:07;637,27;fatura;banka_karti;mobil;manisa;garantiBBVA;1,0;0,0;0,0;0
204,0;5,0;2025-11-19;17:42;2000,0;para_transferi;banka_transferi;mobil;manisa;garantiBBVA;1,0;0,0;0,0;0
205,0;5,0;2025-11-17;17:26;15000,0;burs;banka_transferi;mobil;manisa;garantiBBVA;3,0;0,0;0,0;0
206,0;5,0;2025-11-17;20:58;320,0;alisveris;banka_karti;pos;manisa;garantiBBVA;3,0;0,0;0,0;0
207,0;5,0;2025-11-17;23:09;800,0;para_transferi;banka_transferi;mobil;manisa;garantiBBVA;3,0;0,0;0,0;0
208,0;5,0;2025-11-15;07:20;99,0;fatura;banka_karti;mobil;manisa;garantiBBVA;1,0;0,0;0,0;0
209,0;5,0;2025-12-15;07:23;55,0;fatura;banka_karti;mobil;manisa;garantiBBVA;1,0;0,0;1,0;0
210,0;5,0;2025-11-13;14:07;210,4;alisveris;banka_karti;pos;manisa;garantiBBVA;1,0;0,0;0,0;0
211,0;5,0;2025-11-07;12:37;52,99;ulasim_karti_yukleme;banka_karti;mobil;manisa;garantiBBVA;4,0;0,0;0,0;0
212,0;5,0;2025-11-07;15:39;175,0;alisveris;banka_karti;pos;manisa;garantiBBVA;4,0;0,0;0,0;0
213,0;5,0;2025-11-07;16:23;50,0;alisveris;banka_karti;pos;manisa;garantiBBVA;4,0;0,0;0,0;0
214,0;5,0;2025-11-07;23:52;100,0;para_transferi;banka_transferi;mobil;manisa;garantiBBVA;4,0;0,0;0,0;0
215,0;5,0;2025-11-06;14:22;250,0;para_transferi;banka_transferi;mobil;manisa;garantiBBVA;1,0;0,0;0,0;0
216,0;5,0;2025-11-05;10:05;1189,4;alisveris;banka_karti;pos;manisa;garantiBBVA;1,0;0,0;0,0;0
217,0;5,0;2025-11-03;13:20;120,0;alisveris;banka_karti;pos;manisa;garantiBBVA;2,0;0,0;0,0;0
218,0;5,0;2025-11-03;17:43;60,0;alisveris;banka_karti;pos;manisa;garantiBBVA;2,0;0,0;0,0;0
219,0;5,0;2025-11-02;15:19;218,0;alisveris;banka_karti;pos;manisa;garantiBBVA;1,0;0,0;0,0;0
220,0;5,0;2025-10-31;12:33;500,0;para_transferi;banka_transferi;mobil;manisa;garantiBBVA;1,0;0,0;0,0;0
221,0;5,0;2025-10-30;09:01;325,0;para_transferi;banka_transferi;mobil;manisa;garantiBBVA;4,0;0,0;0,0;0
222,0;5,0;2025-10-30;17:01;50,0;alisveris;banka_karti;pos;manisa;garantiBBVA;4,0;0,0;0,0;0
223,0;5,0;2025-10-30;20:00;45,0;alisveris;banka_karti;pos;manisa;garantiBBVA;4,0;0,0;0,0;0
224,0;5,0;2025-10-30;22:12;25,0;alisveris;banka_karti;pos;manisa;garantiBBVA;4,0;0,0;0,0;0
225,0;5,0;2025-10-27;13:40;400,0;para_transferi;banka_transferi;mobil;manisa;garantiBBVA;1,0;0,0;0,0;0
226,0;5,0;2025-10-26;23:33;49,9;fatura;banka_karti;mobil;manisa;garantiBBVA;1,0;0,0;0,0;0
227,0;5,0;2025-10-25;19:42;200,0;para_transferi;banka_transferi;mobil;manisa;garantiBBVA;1,0;0,0;0,0;0
228,0;5,0;2025-10-23;11:31;384,9;alisveris;banka_karti;mobil;manisa;garantiBBVA;3,0;0,0;0,0;0
229,0;5,0;2025-10-23;15:41;889,28;para_transferi;banka_transferi;mobil;manisa;garantiBBVA;3,0;0,0;0,0;0
230,0;5,0;2025-10-23;15:55;300,0;para_transferi;banka_transferi;mobil;manisa;garantiBBVA;3,0;1,0;0,0;0
231,0;5,0;2025-10-21;11:04;8895,0;para_transferi;banka_transferi;mobil;manisa;garantiBBVA;5,0;0,0;0,0;1
232,0;5,0;2025-10-21;11:28;10800,0;nakit_yatirma;banka_karti;atm;manisa;garantiBBVA;5,0;1,0;0,0;0
233,0;5,0;2025-10-21;15:10;45079,02;teknolojik_alet;banka_karti;web;manisa;garantiBBVA;5,0;0,0;0,0;0
234,0;5,0;2025-10-21;18:42;80,0;alisveris;banka_karti;pos;manisa;garantiBBVA;5,0;0,0;0,0;0
235,0;5,0;2025-10-21;22:15;500,0;para_transferi;banka_transferi;mobil;manisa;garantiBBVA;5,0;0,0;0,0;0
236,0;5,0;2025-10-19;15:43;60,5;alisveris;banka_karti;pos;manisa;garantiBBVA;2,0;0,0;0,0;0
237,0;5,0;2025-10-19;16:58;50,0;para_transferi;banka_transferi;mobil;manisa;garantiBBVA;2,0;0,0;0,0;0
238,0;5,0;2025-10-17;14:50;150,0;para_transferi;banka_transferi;mobil;manisa;garantiBBVA;2,0;0,0;0,0;0
239,0;5,0;2025-10-17;16:02;260,5;alisveris;banka_karti;pos;manisa;garantiBBVA;2,0;0,0;0,0;0
240,0;5,0;2025-10-15;07:20;32,99;fatura;banka_karti;mobil;manisa;garantiBBVA;3,0;0,0;0,0;0
241,0;5,0;2025-10-15;10:16;104,99;ulasim_karti_yukleme;banka_karti;mobil;manisa;garantiBBVA;3,0;0,0;0,0;0
242,0;5,0;2025-10-15;11:00;45,0;alisveris;banka_karti;pos;manisa;garantiBBVA;3,0;0,0;0,0;0
243,0;5,0;2025-10-14;10:32;10,0;alisveris;banka_karti;pos;manisa;garantiBBVA;2,0;0,0;0,0;0
244,0;5,0;2025-10-14;13:20;130,0;alisveris;banka_karti;pos;manisa;garantiBBVA;2,0;0,0;0,0;0
245,0;5,0;2025-10-13;20:06;120,0;para_transferi;banka_transferi;mobil;manisa;garantiBBVA;1,0;0,0;0,0;0
246,0;5,0;2025-10-10;19:12;75,0;alisveris;banka_karti;pos;manisa;garantiBBVA;3,0;0,0;0,0;0
247,0;5,0;2025-10-10;19:12;50,0;para_transferi;banka_transferi;mobil;manisa;garantiBBVA;3,0;1,0;0,0;0
248,0;5,0;2025-10-10;19:14;13,0;para_transferi;banka_transferi;mobil;manisa;garantiBBVA;3,0;2,0;0,0;0
249,0;5,0;2025-10-07;14:39;1000,0;para_transferi;banka_transferi;mobil;manisa;garantiBBVA;1,0;0,0;0,0;0
250,0;5,0;2025-10-06;18:13;40,0;alisveris;banka_karti;pos;manisa;garantiBBVA;2,0;0,0;0,0;0
251,0;5,0;2025-10-06;18:51;100,0;alisveris;banka_karti;pos;manisa;garantiBBVA;2,0;0,0;0,0;0
252,0;5,0;2025-10-03;18:21;60,0;alisveris;banka_karti;pos;manisa;garantiBBVA;1,0;0,0;0,0;0
253,0;5,0;2025-10-01;00:34;400,0;para_transferi;banka_transferi;mobil;manisa;garantiBBVA;3,0;0,0;0,0;0
254,0;5,0;2025-10-01;15:51;6631,4;maas_odemesi;banka_transferi;mobil;manisa;garantiBBVA;3,0;0,0;0,0;0
255,0;5,0;2025-10-01;22:16;500,0;para_transferi;banka_transferi;mobil;manisa;garantiBBVA;3,0;0,0;0,0;0
256,0;3,0;2025-12-22;13:55:00;800,33;alisveris;banka_karti;pos;manisa;yap?kredi;8,0;0,0;0,0;1
257,0;4,0;2025-12-11;16:32:00;179,98;alisveris;banka_karti;pos;manisa;garantiBBVA;3,0;1,0;0,0;0
258,0;3,0;2025-12-15;09:05:00;425,46;alisveris;banka_karti;pos;manisa;yap?kredi;8,0;0,0;0,0;1
259,0;2,0;2025-08-29;10:22:00;33,61;alisveris;banka_karti;pos;manisa;ziraat;3,0;0,0;0,0;0
260,0;2,0;2025-11-30;20:59:00;249,31;yemek;banka_karti;pos;manisa;ziraat;1,0;0,0;0,0;0
261,0;5,0;2025-11-02;13:31:00;406,23;alisveris;banka_karti;mobil;manisa;garantiBBVA;3,0;0,0;0,0;0
262,0;5,0;2025-10-27;12:40:00;331,76;para_transferi;banka_transferi;mobil;manisa;garantiBBVA;1,0;0,0;0,0;0
263,0;5,0;2025-10-20;16:42:00;71,58;alisveris;banka_karti;pos;manisa;garantiBBVA;5,0;0,0;0,0;0
264,0;1,0;2025-12-22;21:51:00;199,5;alisveris;banka_karti;pos;manisa;ziraat;3,0;0,0;0,0;0
265,0;2,0;2025-11-20;20:33:00;739,23;fatura;banka_karti;mobil;manisa;ziraat;2,0;0,0;0,0;0
266,0;2,0;2025-09-08;16:15:00;79,96;alisveris;banka_karti;pos;manisa;ziraat;5,0;0,0;0,0;0
267,0;2,0;2025-12-05;09:35:55;196,62;ulasim_karti_yukleme;banka_karti;mobil;manisa;ziraat;5,0;0,0;0,0;0
268,0;3,0;2025-11-28;09:21:00;296,11;para_transferi;banka_transferi;mobil;manisa;yap?kredi;3,0;0,0;0,0;0
269,0;2,0;2025-09-12;09:45:00;849,68;plaj_bolumu;banka_karti;pos;mugla;ziraat;5,0;0,0;0,0;0
270,0;2,0;2025-11-11;22:03:00;147,54;para_transferi;banka_transferi;mobil;manisa;ziraat;3,0;0,0;0,0;0
271,0;3,0;2025-12-17;06:19:00;155,44;alisveris;banka_karti;pos;manisa;yap?kredi;6,0;0,0;0,0;1
272,0;5,0;2025-10-04;00:34:00;443,32;para_transferi;banka_transferi;mobil;manisa;garantiBBVA;3,0;0,0;0,0;0
273,0;2,0;2025-11-16;23:49:00;1037,57;harclik_avans;banka_transferi;mobil;manisa;ziraat;3,0;0,0;0,0;0
274,0;2,0;2025-11-28;23:42:00;536,92;para_transferi;banka_transferi;mobil;manisa;ziraat;2,0;0,0;0,0;0
275,0;5,0;2025-12-04;18:34:00;63,8;alisveris;banka_karti;pos;manisa;garantiBBVA;5,0;0,0;0,0;0
276,0;3,0;2025-11-29;11:23:00;558,44;fatura;banka_transferi;mobil;manisa;yap?kredi;3,0;1,0;0,0;0
277,0;4,0;2025-11-16;11:34:00;214,11;para_transferi;banka_transferi;mobil;manisa;garantiBBVA;4,0;0,0;0,0;0
278,0;2,0;2025-09-15;17:40:00;78,72;alisveris;banka_karti;pos;mugla;ziraat;2,0;0,0;0,0;0
279,0;3,0;2025-12-12;10:19:00;168,29;alisveris;banka_karti;pos;manisa;yap?kredi;6,0;0,0;0,0;1
280,0;2,0;2025-11-20;14:06:00;30,9;toplu_tasima;banka_karti;pos;manisa;ziraat;4,0;0,0;0,0;0
281,0;5,0;2025-11-20;15:26:00;16344,18;burs;banka_transferi;mobil;manisa;garantiBBVA;3,0;0,0;0,0;0
282,0;1,0;2025-12-12;21:51:00;222,97;alisveris;banka_karti;pos;manisa;ziraat;3,0;0,0;0,0;0
283,0;5,0;2025-11-22;06:19:00;214,47;fatura;banka_karti;mobil;manisa;garantiBBVA;5,0;0,0;0,0;0
284,0;4,0;2025-11-25;22:46:00;1840,58;para_transferi;banka_transferi;mobil;manisa;garantiBBVA;4,0;0,0;0,0;0
285,0;5,0;2025-10-28;16:41:00;793,35;para_transferi;banka_transferi;mobil;manisa;garantiBBVA;3,0;0,0;0,0;0
286,0;4,0;2025-11-05;03:14:00;284,0;fatura;banka_karti;mobil;manisa;garantiBBVA;1,0;0,0;0,0;0
287,0;2,0;2025-09-15;16:26:00;235,09;alisveris;banka_karti;pos;mugla;ziraat;5,0;0,0;0,0;0
288,0;5,0;2025-11-08;23:12:00;26,48;alisveris;banka_karti;pos;manisa;garantiBBVA;4,0;0,0;0,0;0
289,0;3,0;2025-12-22;12:39:00;544,55;nakit_cekme;banka_karti;atm;manisa;yap?kredi;9,0;1,0;0,0;1
290,0;5,0;2025-11-17;07:21:00;266,44;para_transferi;banka_transferi;mobil;manisa;garantiBBVA;2,0;0,0;0,0;0
291,0;2,0;2025-09-17;10:29:00;97,96;alisveris;banka_karti;pos;mugla;ziraat;4,0;0,0;0,0;0
292,0;5,0;2025-10-11;18:12:00;54,87;para_transferi;banka_transferi;mobil;manisa;garantiBBVA;3,0;1,0;0,0;0
293,0;4,0;2025-11-08;07:01:00;273,85;para_transferi;banka_transferi;mobil;manisa;garantiBBVA;2,0;0,0;0,0;0
294,0;4,0;2025-11-11;09:35:00;126,57;para_transferi;banka_transferi;mobil;manisa;garantiBBVA;3,0;1,0;0,0;0
295,0;4,0;2025-10-27;16:03:00;1211,03;para_transferi;banka_transferi;mobil;manisa;garantiBBVA;3,0;0,0;0,0;0
296,0;2,0;2025-12-03;13:25:15;58,33;yemek;banka_karti;pos;manisa;ziraat;3,0;0,0;0,0;0
297,0;5,0;2025-10-12;12:50:00;154,95;para_transferi;banka_transferi;mobil;manisa;garantiBBVA;2,0;0,0;0,0;0
298,0;5,0;2025-11-18;19:40:00;500,47;fatura;banka_karti;mobil;manisa;garantiBBVA;5,0;1,0;0,0;0
299,0;4,0;2025-11-28;10:56:00;156,91;alisveris;banka_karti;pos;manisa;garantiBBVA;2,0;0,0;0,0;0
300,0;5,0;2025-10-31;19:43:00;51,29;alisveris;banka_karti;pos;manisa;garantiBBVA;2,0;0,0;0,0;0
301,0;4,0;2025-10-17;11:04:00;7500,87;para_transferi;banka_transferi;mobil;manisa;garantiBBVA;3,0;1,0;0,0;1
302,0;2,0;2025-11-22;22:09:00;949,78;para_transferi;banka_transferi;mobil;manisa;ziraat;5,0;0,0;0,0;0
303,0;5,0;2025-11-17;01:52:00;97,06;para_transferi;banka_transferi;mobil;manisa;garantiBBVA;4,0;0,0;0,0;0
304,0;2,0;2025-11-05;19:49:00;6,95;alisveris;banka_karti;pos;manisa;ziraat;3,0;0,0;0,0;0
305,0;2,0;2025-11-10;13:25:00;44,49;alisveris;banka_karti;pos;manisa;ziraat;1,0;0,0;0,0;0
306,0;5,0;2025-11-02;11:20:00;102,97;alisveris;banka_karti;pos;manisa;garantiBBVA;2,0;0,0;0,0;0
307,0;2,0;2025-11-19;20:06:00;1425,23;para_transferi;banka_transferi;mobil;manisa;ziraat;4,0;0,0;0,0;0
308,0;5,0;2025-12-01;10:19:00;180,88;fatura;banka_karti;mobil;manisa;garantiBBVA;5,0;0,0;0,0;0
309,0;2,0;2025-09-04;23:10:00;3104,18;burs;banka_transferi;mobil;manisa;ziraat;4,0;0,0;0,0;0
310,0;2,0;2025-11-16;22:09:00;889,3;para_transferi;banka_transferi;mobil;manisa;ziraat;5,0;0,0;0,0;0
311,0;5,0;2025-10-13;12:16:00;115,18;ulasim_karti_yukleme;banka_karti;mobil;manisa;garantiBBVA;3,0;0,0;0,0;0
312,0;5,0;2025-10-25;09:04:00;10349,6;para_transferi;banka_transferi;mobil;manisa;garantiBBVA;5,0;0,0;0,0;1
313,0;2,0;2025-11-06;15:12:00;187,61;para_transferi;banka_transferi;mobil;manisa;ziraat;2,0;0,0;0,0;0
314,0;2,0;2025-09-23;15:40:00;82,54;alisveris;banka_karti;pos;mugla;ziraat;2,0;0,0;0,0;0
315,0;5,0;2025-10-09;11:32:00;10,5;alisveris;banka_karti;pos;manisa;garantiBBVA;2,0;0,0;0,0;0
316,0;3,0;2025-12-04;22:50:00;45,89;alisveris;banka_karti;pos;manisa;yap?kredi;8,0;0,0;0,0;1
317,0;3,0;2025-12-05;17:51:00;43,58;yemek;banka_karti;pos;manisa;yap?kredi;9,0;0,0;0,0;1
318,0;2,0;2025-12-11;07:04:14;35,63;yemek;banka_karti;pos;manisa;ziraat;4,0;0,0;0,0;0
319,0;5,0;2025-11-28;00:46:00;169,0;para_transferi;banka_transferi;mobil;manisa;garantiBBVA;5,0;0,0;0,0;0
320,0;1,0;2025-12-06;22:51:00;184,21;alisveris;banka_karti;pos;manisa;ziraat;3,0;0,0;0,0;0
321,0;4,0;2025-10-24;13:55:00;314,84;para_transferi;banka_transferi;mobil;manisa;garantiBBVA;1,0;0,0;0,0;0
322,0;2,0;2025-10-25;10:57:00;;para_transferi;banka_transferi;mobil;manisa;ziraat;3,0;0,0;0,0;0
323,0;4,0;2025-11-20;01:14:00;236,72;fatura;banka_karti;mobil;manisa;garantiBBVA;1,0;0,0;0,0;0
324,0;2,0;2025-12-06;22:21:00;196,91;yemek;banka_karti;pos;izmir;ziraat;2,0;0,0;0,0;0
325,0;5,0;2025-10-24;16:19:00;198,17;alisveris;banka_karti;pos;manisa;garantiBBVA;1,0;0,0;0,0;0
326,0;5,0;2025-11-13;18:43:00;60,28;alisveris;banka_karti;pos;manisa;garantiBBVA;2,0;0,0;0,0;0
327,0;2,0;2025-12-05;01:01:13;108,66;para_transferi;banka_transferi;mobil;manisa;ziraat;4,0;0,0;0,0;0
328,0;2,0;2025-12-12;14:10:29;60,88;alisveris;banka_karti;pos;manisa;ziraat;4,0;0,0;0,0;0
329,0;3,0;2025-12-10;10:42:00;287,69;alisveris;banka_karti;pos;manisa;yap?kredi;4,0;0,0;0,0;0
330,0;5,0;2025-10-06;09:00:00;48,53;alisveris;banka_karti;pos;manisa;garantiBBVA;3,0;0,0;0,0;0
331,0;4,0;2025-12-06;13:02:00;45,56;alisveris;banka_karti;pos;manisa;garantiBBVA;6,0;0,0;0,0;1
332,0;2,0;2025-11-15;21:49:00;100,78;alisveris;banka_karti;pos;manisa;ziraat;1,0;0,0;0,0;0
333,0;4,0;2025-11-12;23:11:00;277,45;para_transferi;banka_transferi;mobil;manisa;garantiBBVA;3,0;0,0;0,0;0
334,0;4,0;2025-11-05;02:14:00;240,43;fatura;banka_karti;mobil;manisa;garantiBBVA;1,0;0,0;0,0;0
335,0;4,0;2025-10-23;03:45:00;359,98;alisveris;banka_karti;mobil;manisa;garantiBBVA;3,0;0,0;0,0;0
336,0;5,0;2025-10-15;19:06:00;131,42;para_transferi;banka_transferi;mobil;manisa;garantiBBVA;1,0;0,0;0,0;0
337,0;3,0;2025-12-17;16:40:00;110,64;yemek;banka_karti;pos;manisa;yap?kredi;9,0;2,0;0,0;1
338,0;3,0;2025-12-12;21:41:00;189,9;alisveris;banka_karti;pos;manisa;yap?kredi;4,0;1,0;0,0;0
339,0;5,0;2025-11-05;18:23:00;58,63;alisveris;banka_karti;pos;manisa;garantiBBVA;4,0;0,0;0,0;0
340,0;2,0;2025-09-11;19:25:00;9404,87;nakit_yatirma;banka_karti;atm;manisa;ziraat;3,0;0,0;0,0;0
341,0;5,0;2025-09-26;17:21:00;65,14;alisveris;banka_karti;pos;manisa;garantiBBVA;1,0;0,0;0,0;0
342,0;5,0;2025-11-10;15:42:00;2349,81;para_transferi;banka_transferi;mobil;manisa;garantiBBVA;1,0;0,0;0,0;0
343,0;5,0;2025-10-27;13:55:00;244,17;para_transferi;banka_transferi;mobil;manisa;garantiBBVA;3,0;1,0;0,0;0
344,0;4,0;2025-11-11;16:29:00;4733,42;para_transferi;banka_transferi;mobil;manisa;garantiBBVA;4,0;0,0;0,0;0
345,0;2,0;2025-11-18;18:01:00;53,84;alisveris;banka_karti;pos;manisa;ziraat;2,0;0,0;0,0;0
346,0;5,0;2025-11-02;23:52:00;90,14;para_transferi;banka_transferi;mobil;manisa;garantiBBVA;4,0;0,0;0,0;0
347,0;3,0;2025-12-08;20:41:00;248,31;alisveris;banka_karti;pos;manisa;yap?kredi;4,0;1,0;0,0;0
348,0;3,0;2025-12-02;20:55:00;39,68;alisveris;banka_karti;pos;manisa;yap?kredi;4,0;1,0;0,0;0
349,0;5,0;2025-12-01;23:46:00;143,62;para_transferi;banka_transferi;mobil;manisa;garantiBBVA;5,0;0,0;0,0;0
350,0;3,0;2025-12-18;20:52:00;153,66;alisveris;banka_karti;pos;manisa;yap?kredi;9,0;2,0;0,0;1
351,0;4,0;2025-12-01;16:41:00;61,34;alisveris;banka_karti;pos;manisa;garantiBBVA;3,0;0,0;0,0;0
352,0;2,0;2025-10-31;14:57:00;;para_transferi;banka_transferi;mobil;manisa;ziraat;3,0;0,0;0,0;0
353,0;5,0;2025-10-10;18:12:00;41,82;para_transferi;banka_transferi;mobil;manisa;garantiBBVA;3,0;1,0;0,0;0
354,0;2,0;2025-11-15;18:21:36;100,27;para_transferi;banka_transferi;mobil;manisa;ziraat;4,0;0,0;0,0;0
355,0;5,0;2025-10-27;15:43:00;61,95;alisveris;banka_karti;pos;manisa;garantiBBVA;2,0;0,0;0,0;0
356,0;4,0;2025-11-03;09:46:00;141,28;para_transferi;banka_transferi;mobil;manisa;garantiBBVA;1,0;0,0;0,0;0
357,0;2,0;2025-11-21;12:48:00;171,12;yemek;banka_karti;mobil;manisa;ziraat;1,0;0,0;0,0;0
358,0;2,0;2025-11-25;22:42:00;618,14;para_transferi;banka_transferi;mobil;manisa;ziraat;2,0;0,0;0,0;0
359,0;4,0;2025-11-07;03:16:00;652,67;para_transferi;banka_transferi;mobil;manisa;garantiBBVA;4,0;0,0;0,0;0
360,0;2,0;2025-11-28;23:59:23;117,96;yemek;banka_transferi;mobil;manisa;ziraat;5,0;0,0;0,0;0
361,0;2,0;2025-09-08;16:42:00;3810,3;para_transferi;banka_transferi;mobil;manisa;ziraat;5,0;2,0;0,0;0
362,0;5,0;2025-11-15;19:58:00;274,05;alisveris;banka_karti;pos;manisa;garantiBBVA;3,0;0,0;0,0;0
363,0;4,0;2025-10-27;17:42:00;228,69;para_transferi;banka_karti;mobil;manisa;garantiBBVA;2,0;1,0;0,0;0
364,0;5,0;2025-11-29;08:21:00;260,84;para_transferi;banka_transferi;mobil;manisa;garantiBBVA;2,0;0,0;0,0;0
365,0;2,0;2025-11-30;18:26:31;97,47;yemek;banka_karti;pos;manisa;ziraat;5,0;0,0;0,0;0
366,0;5,0;2025-11-05;12:33:00;419,3;para_transferi;banka_transferi;mobil;manisa;garantiBBVA;1,0;0,0;0,0;0
367,0;4,0;2025-11-17;14:23:00;147,76;alisveris;banka_karti;pos;manisa;garantiBBVA;1,0;0,0;0,0;0
368,0;5,0;2025-10-28;09:01:00;281,0;para_transferi;banka_transferi;mobil;manisa;garantiBBVA;4,0;0,0;0,0;0
369,0;5,0;2025-11-13;16:39:00;185,99;alisveris;banka_karti;pos;manisa;garantiBBVA;4,0;0,0;0,0;0
370,0;3,0;2025-12-06;17:50:00;436,31;alisveris;banka_karti;pos;manisa;yap?kredi;6,0;1,0;0,0;1
371,0;3,0;2025-12-21;21:46:00;240,86;yemek;banka_karti;pos;manisa;yap?kredi;9,0;1,0;0,0;1
372,0;2,0;2025-12-08;01:11:15;3575,87;burs;banka_transferi;sistem;manisa;ziraat;4,0;0,0;0,0;1
373,0;4,0;2025-12-14;04:48:00;347,44;para_transferi;banka_transferi;mobil;manisa;garantiBBVA;2,0;0,0;0,0;0
374,0;4,0;2025-11-17;12:34:00;95,74;para_transferi;banka_transferi;mobil;manisa;garantiBBVA;3,0;0,0;0,0;0
375,0;4,0;2025-10-26;02:48:00;96,66;para_transferi;banka_transferi;mobil;manisa;garantiBBVA;3,0;1,0;0,0;0
376,0;5,0;2025-11-26;18:40:00;460,8;fatura;banka_karti;mobil;manisa;garantiBBVA;5,0;1,0;0,0;0
377,0;5,0;2025-10-25;16:42:00;76,61;alisveris;banka_karti;pos;manisa;garantiBBVA;5,0;0,0;0,0;0
378,0;5,0;2025-10-02;21:12:00;50,47;para_transferi;banka_transferi;mobil;manisa;garantiBBVA;3,0;1,0;0,0;0
379,0;2,0;2025-09-07;17:26:00;245,64;alisveris;banka_karti;pos;mugla;ziraat;5,0;0,0;0,0;0
380,0;2,0;2025-09-13;15:23:00;512,11;para_transferi;banka_transferi;mobil;manisa;ziraat;4,0;0,0;0,0;0
381,0;2,0;2025-09-03;07:22:00;24,94;alisveris;banka_karti;pos;manisa;ziraat;3,0;0,0;0,0;0
382,0;2,0;2025-11-25;12:39:00;68,23;alisveris;banka_karti;pos;manisa;ziraat;1,0;0,0;0,0;0
383,0;3,0;2025-12-14;15:49:00;291,7;alisveris;banka_karti;pos;manisa;yap?kredi;6,0;0,0;0,0;1
384,0;5,0;2025-11-05;23:33:00;40,03;fatura;banka_karti;mobil;manisa;garantiBBVA;1,0;0,0;0,0;0
385,0;1,0;2025-12-19;18:51:00;200,12;alisveris;banka_karti;pos;manisa;ziraat;3,0;0,0;0,0;0
386,0;5,0;2025-11-09;12:37:00;63,41;ulasim_karti_yukleme;banka_karti;mobil;manisa;garantiBBVA;4,0;0,0;0,0;0
387,0;2,0;2025-09-20;20:28:00;190,28;alisveris;banka_karti;pos;manisa;ziraat;4,0;0,0;0,0;0
388,0;2,0;2025-12-11;21:54:50;60,43;alisveris;banka_karti;pos;manisa;ziraat;3,0;0,0;0,0;0
389,0;2,0;2025-11-18;22:49:00;107,14;alisveris;banka_karti;pos;manisa;ziraat;1,0;0,0;0,0;0
390,0;2,0;2025-11-25;23:59:23;117,33;yemek;banka_transferi;mobil;manisa;ziraat;5,0;0,0;0,0;0
391,0;2,0;2025-09-15;21:43:00;230,71;nakit_cekme;banka_karti;atm;manisa;ziraat;4,0;0,0;0,0;0
392,0;3,0;2025-12-18;10:42:00;281,39;alisveris;banka_karti;pos;manisa;yap?kredi;4,0;0,0;0,0;0
393,0;3,0;2025-12-08;06:19:00;154,86;alisveris;banka_karti;pos;manisa;yap?kredi;6,0;0,0;0,0;1
394,0;4,0;2025-12-22;20:02:00;213,17;para_transferi;banka_transferi;mobil;manisa;garantiBBVA;1,0;0,0;0,0;0
395,0;5,0;2025-10-27;17:10:00;52198,57;teknolojik_alet;banka_karti;web;manisa;garantiBBVA;5,0;0,0;0,0;0
396,0;3,0;2025-12-05;13:49:00;256,99;alisveris;banka_karti;pos;manisa;yap?kredi;6,0;0,0;0,0;1
397,0;2,0;2025-11-10;16:46:00;70,75;alisveris;banka_karti;pos;manisa;ziraat;5,0;0,0;0,0;0
398,0;4,0;2025-11-13;20:46:00;2244,44;para_transferi;banka_transferi;mobil;manisa;garantiBBVA;4,0;0,0;0,0;0
399,0;5,0;2025-10-15;18:12:00;54,12;para_transferi;banka_transferi;mobil;manisa;garantiBBVA;3,0;1,0;0,0;0
400,0;2,0;2025-11-22;03:57:00;107,93;ulasim_karti_yukleme;banka_karti;mobil;manisa;ziraat;2,0;0,0;0,0;0
401,0;5,0;2025-09-27;17:21:00;67,71;alisveris;banka_karti;pos;manisa;garantiBBVA;1,0;0,0;0,0;0
402,0;5,0;2025-10-09;02:34:00;320,03;para_transferi;banka_transferi;mobil;manisa;garantiBBVA;3,0;0,0;0,0;0
403,0;5,0;2025-12-07;09:23:00;60,66;fatura;banka_karti;mobil;manisa;garantiBBVA;1,0;0,0;1,0;0
404,0;2,0;2025-11-12;05:57:00;91,22;ulasim_karti_yukleme;banka_karti;mobil;manisa;ziraat;2,0;0,0;0,0;0
405,0;5,0;2025-11-29;19:40:00;494,42;fatura;banka_karti;mobil;manisa;garantiBBVA;5,0;1,0;0,0;0
406,0;5,0;2025-10-14;15:02:00;267,68;alisveris;banka_karti;pos;manisa;garantiBBVA;2,0;0,0;0,0;0
407,0;2,0;2025-11-07;12:35:00;249,51;ulasim_karti_yukleme;banka_karti;mobil;manisa;ziraat;5,0;1,0;0,0;0
408,0;2,0;2025-12-10;22:01:13;100,7;para_transferi;banka_transferi;mobil;manisa;ziraat;4,0;0,0;0,0;0
409,0;4,0;2025-11-11;00:12:00;8493,26;para_transferi;banka_transferi;mobil;manisa;garantiBBVA;3,0;1,0;0,0;1
410,0;4,0;2025-11-11;20:50:00;19,53;alisveris;banka_karti;pos;manisa;garantiBBVA;1,0;0,0;0,0;0
411,0;2,0;2025-09-19;13:26:00;285,44;alisveris;banka_karti;pos;mugla;ziraat;5,0;0,0;0,0;0
412,0;2,0;2025-11-09;17:04:00;50,32;alisveris;banka_karti;pos;manisa;ziraat;5,0;0,0;0,0;0
413,0;5,0;2025-11-20;06:19:00;191,65;fatura;banka_karti;mobil;manisa;garantiBBVA;5,0;0,0;0,0;0
414,0;5,0;2025-10-13;20:51:00;109,23;alisveris;banka_karti;pos;manisa;garantiBBVA;2,0;0,0;0,0;0
415,0;2,0;2025-09-13;16:04:00;1376,4;yemek;banka_karti;pos;mugla;ziraat;5,0;0,0;0,0;0
416,0;4,0;2025-11-13;20:11:00;249,21;para_transferi;banka_transferi;mobil;manisa;garantiBBVA;3,0;0,0;0,0;0
417,0;4,0;2025-11-18;16:29:00;184,18;alisveris;banka_karti;pos;manisa;garantiBBVA;6,0;0,0;0,0;1
418,0;2,0;2025-09-14;17:29:00;5371,84;ogrenim_parasi;banka_karti;atm;manisa;ziraat;3,0;1,0;0,0;0
419,0;4,0;2025-11-19;15:42:00;1681,29;para_transferi;banka_transferi;mobil;manisa;garantiBBVA;4,0;0,0;0,0;0
420,0;2,0;2025-12-05;19:07:07;352,51;yemek;banka_transferi;mobil;manisa;ziraat;3,0;0,0;0,0;0
421,0;2,0;2025-09-18;19:57:00;1138,33;para_transferi;banka_transferi;mobil;izmir;ziraat;4,0;0,0;0,0;0
422,0;4,0;2025-10-16;10:20:00;273,98;alisveris;banka_karti;pos;manisa;garantiBBVA;3,0;0,0;0,0;0
423,0;3,0;2025-12-16;11:13:00;282,34;alisveris;banka_karti;pos;manisa;yap?kredi;8,0;1,0;0,0;1
424,0;5,0;2025-11-10;14:23:00;43,37;alisveris;banka_karti;pos;manisa;garantiBBVA;4,0;0,0;0,0;0
425,0;3,0;2025-12-15;17:48:00;43,41;alisveris;banka_karti;pos;manisa;yap?kredi;4,0;0,0;0,0;0
426,0;5,0;2025-10-13;17:12:00;49,34;para_transferi;banka_transferi;mobil;manisa;garantiBBVA;3,0;1,0;0,0;0
427,0;5,0;2025-11-20;03:00:00;4140,2;para_transferi;banka_transferi;mobil;manisa;garantiBBVA;5,0;0,0;0,0;1
428,0;2,0;2025-12-07;17:04:09;5083,77;burs;banka_transferi;sistem;manisa;ziraat;4,0;0,0;0,0;0
429,0;2,0;2025-10-30;17:37:00;106,96;para_transferi;banka_transferi;mobil;manisa;ziraat;2,0;1,0;0,0;0
430,0;2,0;2025-08-31;18:19:00;82,1;alisveris;banka_karti;pos;manisa;ziraat;4,0;0,0;0,0;0
431,0;2,0;2025-11-29;14:01:45;52,51;yemek;banka_karti;pos;manisa;ziraat;1,0;0,0;0,0;0
432,0;2,0;2025-11-07;19:54:00;29,61;alisveris;banka_karti;pos;manisa;ziraat;3,0;1,0;0,0;0
433,0;4,0;2025-10-25;14:55:00;313,85;para_transferi;banka_transferi;mobil;manisa;garantiBBVA;1,0;0,0;0,0;0
434,0;2,0;2025-11-29;20:21:00;184,53;yemek;banka_karti;pos;izmir;ziraat;2,0;0,0;0,0;0
435,0;2,0;2025-11-10;12:39:00;83,47;alisveris;banka_karti;pos;manisa;ziraat;1,0;0,0;0,0;0
436,0;2,0;2025-11-26;13:42:00;37,84;alisveris;banka_karti;pos;manisa;ziraat;5,0;0,0;0,0;0
437,0;2,0;2025-12-11;19:49:45;106,76;alisveris;banka_karti;pos;manisa;ziraat;4,0;0,0;0,0;0
438,0;2,0;2025-11-10;10:23:00;11,73;alisveris;banka_karti;pos;manisa;ziraat;2,0;0,0;0,0;0
439,0;2,0;2025-12-01;15:30:26;43,32;yemek;banka_karti;pos;manisa;ziraat;5,0;1,0;0,0;0
440,0;3,0;2025-12-20;16:48:00;53,03;alisveris;banka_karti;pos;manisa;yap?kredi;4,0;0,0;0,0;0
441,0;5,0;2025-11-10;15:20:00;116,25;alisveris;banka_karti;pos;manisa;garantiBBVA;2,0;0,0;0,0;0
442,0;2,0;2025-09-01;16:25:00;9458,96;nakit_yatirma;banka_karti;atm;manisa;ziraat;3,0;0,0;0,0;0
443,0;5,0;2025-11-19;09:21:00;291,35;para_transferi;banka_transferi;mobil;manisa;garantiBBVA;2,0;0,0;0,0;0
444,0;5,0;2025-11-02;18:23:00;55,87;alisveris;banka_karti;pos;manisa;garantiBBVA;4,0;0,0;0,0;0
445,0;5,0;2025-10-05;20:16:00;579,68;para_transferi;banka_transferi;mobil;manisa;garantiBBVA;3,0;0,0;0,0;0
446,0;2,0;2025-09-16;17:23:00;669,57;para_transferi;banka_transferi;mobil;manisa;ziraat;4,0;0,0;0,0;0
447,0;2,0;2025-11-24;21:42:00;561,88;para_transferi;banka_transferi;mobil;manisa;ziraat;2,0;0,0;0,0;0
448,0;5,0;2025-11-09;10:33:00;413,97;para_transferi;banka_transferi;mobil;manisa;garantiBBVA;1,0;0,0;0,0;0
449,0;3,0;2025-12-14;19:27:00;185,71;para_transferi;banka_transferi;mobil;manisa;yap?kredi;9,0;0,0;0,0;1
450,0;2,0;2025-11-27;10:42:00;38,03;alisveris;banka_karti;pos;manisa;ziraat;5,0;0,0;0,0;0
451,0;2,0;2025-09-05;20:43:00;170,99;nakit_cekme;banka_karti;atm;manisa;ziraat;4,0;0,0;0,0;0
452,0;3,0;2025-12-04;20:50:00;56,46;alisveris;banka_karti;pos;manisa;yap?kredi;8,0;0,0;0,0;1
453,0;2,0;2025-11-29;09:27:36;33,27;yemek;banka_karti;pos;manisa;ziraat;4,0;1,0;0,0;0
454,0;2,0;2025-08-27;14:25:00;171,64;alisveris;banka_karti;pos;manisa;ziraat;5,0;1,0;0,0;0
455,0;2,0;2025-11-25;22:21:00;201,19;yemek;banka_karti;pos;izmir;ziraat;2,0;0,0;0,0;0
456,0;5,0;2025-11-21;15:40:00;456,93;fatura;banka_karti;mobil;manisa;garantiBBVA;5,0;1,0;0,0;0
457,0;2,0;2025-11-26;22:09:00;203,47;para_transferi;banka_transferi;mobil;manisa;ziraat;4,0;1,0;0,0;0
458,0;2,0;2025-12-02;15:01:45;54,8;yemek;banka_karti;pos;manisa;ziraat;1,0;0,0;0,0;0
459,0;4,0;2025-11-23;15:09:00;82,09;alisveris;banka_karti;pos;manisa;garantiBBVA;2,0;1,0;0,0;0
460,0;5,0;2025-11-22;14:07:00;193,81;alisveris;banka_karti;pos;manisa;garantiBBVA;1,0;0,0;0,0;0
461,0;5,0;2025-10-05;21:12:00;57,44;para_transferi;banka_transferi;mobil;manisa;garantiBBVA;3,0;1,0;0,0;0
462,0;2,0;2025-09-15;15:25:00;153,01;alisveris;banka_karti;pos;manisa;ziraat;5,0;1,0;0,0;0
463,0;4,0;2025-11-05;17:19:00;9022,8;para_transferi;banka_transferi;atm;manisa;garantiBBVA;3,0;0,0;0,0;0
464,0;3,0;2025-12-04;17:50:00;357,24;alisveris;banka_karti;pos;manisa;yap?kredi;8,0;0,0;0,0;1
465,0;2,0;2025-10-31;11:58:00;129,6;para_transferi;banka_transferi;mobil;manisa;ziraat;3,0;1,0;0,0;0
466,0;2,0;2025-10-23;14:33:00;447,76;para_transferi;banka_transferi;mobil;manisa;ziraat;5,0;0,0;0,0;0
467,0;4,0;2025-11-07;16:28:00;510,74;para_transferi;banka_transferi;mobil;manisa;garantiBBVA;2,0;1,0;0,0;0
468,0;5,0;2025-11-14;13:07:00;191,91;alisveris;banka_karti;pos;manisa;garantiBBVA;1,0;0,0;0,0;0
469,0;5,0;2025-11-10;13:20:00;122,71;alisveris;banka_karti;pos;manisa;garantiBBVA;2,0;0,0;0,0;0
470,0;5,0;2025-10-25;13:33:00;494,11;para_transferi;banka_transferi;mobil;manisa;garantiBBVA;1,0;0,0;0,0;0
471,0;5,0;2025-12-04;23:05:00;1576,81;para_transferi;banka_transferi;mobil;manisa;garantiBBVA;1,0;0,0;0,0;0
472,0;5,0;2025-11-19;00:46:00;129,13;para_transferi;banka_transferi;mobil;manisa;garantiBBVA;5,0;0,0;0,0;0
473,0;5,0;2025-11-01;21:00:00;52,35;alisveris;banka_karti;pos;manisa;garantiBBVA;4,0;0,0;0,0;0
474,0;2,0;2025-12-03;23:59:23;114,38;yemek;banka_transferi;mobil;manisa;ziraat;5,0;0,0;0,0;0
475,0;2,0;2025-11-24;20:21:48;29,67;yemek;banka_karti;pos;manisa;ziraat;4,0;0,0;0,0;0
476,0;4,0;2025-11-24;14:02:00;47,9;alisveris;banka_karti;pos;manisa;garantiBBVA;6,0;0,0;0,0;1
477,0;4,0;2025-10-23;19:15:00;191,12;para_transferi;banka_transferi;mobil;manisa;garantiBBVA;2,0;0,0;0,0;0
478,0;5,0;2025-11-21;22:07:00;622,45;fatura;banka_karti;mobil;manisa;garantiBBVA;1,0;0,0;0,0;0
479,0;3,0;2025-12-18;15:40:00;114,29;yemek;banka_karti;pos;manisa;yap?kredi;9,0;2,0;0,0;1
480,0;5,0;2025-10-24;22:33:00;59,54;fatura;banka_karti;mobil;manisa;garantiBBVA;1,0;0,0;0,0;0
481,0;2,0;2025-11-04;12:25:00;117,99;nakit_cekme;banka_karti;atm;manisa;ziraat;5,0;0,0;0,0;0
482,0;3,0;2025-11-17;07:21:00;287,55;para_transferi;banka_transferi;mobil;manisa;yap?kredi;3,0;0,0;0,0;0
483,0;4,0;2025-10-16;01:45:00;355,03;alisveris;banka_karti;mobil;manisa;garantiBBVA;3,0;0,0;0,0;0
484,0;2,0;2025-08-31;16:25:00;7817,91;nakit_yatirma;banka_karti;atm;manisa;ziraat;3,0;0,0;0,0;0
485,0;5,0;2025-09-23;16:51:00;7275,12;maas_odemesi;banka_transferi;mobil;manisa;garantiBBVA;3,0;0,0;0,0;0
486,0;4,0;2025-11-29;14:56:00;130,27;alisveris;banka_karti;pos;manisa;garantiBBVA;2,0;0,0;0,0;0
487,0;5,0;2025-10-15;11:00:00;45,68;alisveris;banka_karti;pos;manisa;garantiBBVA;3,0;0,0;0,0;0
488,0;4,0;2025-11-18;14:38:00;285,48;alisveris;banka_karti;pos;manisa;garantiBBVA;6,0;1,0;0,0;1
489,0;2,0;2025-10-23;18:35:00;138,69;alisveris;banka_karti;mobil;manisa;ziraat;5,0;0,0;0,0;0
490,0;2,0;2025-10-28;13:25:00;104,44;nakit_cekme;banka_karti;atm;manisa;ziraat;5,0;0,0;0,0;0
491,0;3,0;2025-12-02;07:19:00;151,27;alisveris;banka_karti;pos;manisa;yap?kredi;6,0;0,0;0,0;1
492,0;4,0;2025-11-28;14:09:00;69,22;alisveris;banka_karti;pos;manisa;garantiBBVA;2,0;1,0;0,0;0
493,0;4,0;2025-11-25;12:17:00;1774,84;burs;banka_transferi;mobil;manisa;garantiBBVA;1,0;0,0;0,0;0
494,0;5,0;2025-11-18;21:09:00;790,87;para_transferi;banka_transferi;mobil;manisa;garantiBBVA;3,0;0,0;0,0;0
495,0;5,0;2025-11-12;07:20:00;115,42;fatura;banka_karti;mobil;manisa;garantiBBVA;1,0;0,0;0,0;0
496,0;5,0;2025-11-05;00:33:00;50,09;fatura;banka_karti;mobil;manisa;garantiBBVA;1,0;0,0;0,0;0
497,0;4,0;2025-12-08;12:32:00;134,71;alisveris;banka_karti;pos;manisa;garantiBBVA;3,0;1,0;0,0;0
498,0;3,0;2025-12-11;10:19:00;121,91;alisveris;banka_karti;pos;manisa;yap?kredi;6,0;0,0;0,0;1
499,0;3,0;2025-12-10;12:18:00;82,37;para_transferi;banka_transferi;mobil;manisa;yap?kredi;9,0;1,0;0,0;1
500,0;4,0;2025-11-21;16:16:00;2458,32;para_transferi;banka_transferi;mobil;manisa;garantiBBVA;2,0;0,0;0,0;0
501,0;5,0;2025-11-19;08:21:00;226,46;para_transferi;banka_transferi;mobil;manisa;garantiBBVA;2,0;0,0;0,0;0
502,0;2,0;2025-11-14;16:26:00;114,17;alisveris;banka_karti;pos;manisa;ziraat;2,0;0,0;0,0;0
503,0;2,0;2025-12-01;20:21:48;38,57;yemek;banka_karti;pos;manisa;ziraat;4,0;0,0;0,0;0
504,0;2,0;2025-09-11;09:27:00;3128,44;para_transferi;banka_transferi;mobil;manisa;ziraat;4,0;0,0;0,0;0
505,0;2,0;2025-12-13;14:10:29;50,53;alisveris;banka_karti;pos;manisa;ziraat;4,0;0,0;0,0;0
506,0;4,0;2025-11-23;15:29:00;156,56;alisveris;banka_karti;pos;manisa;garantiBBVA;6,0;0,0;0,0;1
507,0;2,0;2025-11-24;19:17:00;2281,59;alisveris;banka_karti;mobil;manisa;ziraat;4,0;2,0;0,0;0
508,0;4,0;2025-11-14;01:14:00;217,6;fatura;banka_karti;mobil;manisa;garantiBBVA;1,0;0,0;0,0;0
509,0;5,0;2025-10-12;14:50:00;162,53;para_transferi;banka_transferi;mobil;manisa;garantiBBVA;2,0;0,0;0,0;0
510,0;4,0;2025-11-19;21:50:00;18,8;alisveris;banka_karti;pos;manisa;garantiBBVA;1,0;0,0;0,0;0
511,0;5,0;2025-11-13;16:42:00;2248,32;para_transferi;banka_transferi;mobil;manisa;garantiBBVA;1,0;0,0;0,0;0
512,0;4,0;2025-12-04;16:02:00;45,12;alisveris;banka_karti;pos;manisa;garantiBBVA;6,0;0,0;0,0;1
513,0;5,0;2025-11-17;18:34:00;70,32;alisveris;banka_karti;pos;manisa;garantiBBVA;5,0;0,0;0,0;0
514,0;4,0;2025-12-02;03:14:00;314,31;alisveris;banka_karti;mobil;manisa;garantiBBVA;2,0;1,0;0,0;0
515,0;3,0;2025-12-17;16:49:00;247,11;alisveris;banka_karti;pos;manisa;yap?kredi;6,0;0,0;0,0;1
516,0;5,0;2025-10-14;10:31:00;308,51;alisveris;banka_karti;mobil;manisa;garantiBBVA;3,0;0,0;0,0;0
517,0;2,0;2025-12-05;23:59:23;105,55;yemek;banka_transferi;mobil;manisa;ziraat;5,0;0,0;0,0;0
518,0;5,0;2025-09-29;16:13:00;42,98;alisveris;banka_karti;pos;manisa;garantiBBVA;2,0;0,0;0,0;0
519,0;5,0;2025-09-29;13:51:00;6892,52;maas_odemesi;banka_transferi;mobil;manisa;garantiBBVA;3,0;0,0;0,0;0
520,0;4,0;2025-11-02;23:11:00;212,14;para_transferi;banka_transferi;mobil;manisa;garantiBBVA;3,0;0,0;0,0;0
521,0;2,0;2025-10-29;15:35:00;124,86;alisveris;banka_karti;mobil;manisa;ziraat;5,0;0,0;0,0;0
522,0;5,0;2025-10-22;13:10:00;47489,76;teknolojik_alet;banka_karti;web;manisa;garantiBBVA;5,0;0,0;0,0;0
523,0;2,0;2025-09-22;16:57:00;1110,48;para_transferi;banka_transferi;mobil;izmir;ziraat;4,0;0,0;0,0;0
524,0;2,0;2025-11-19;18:03:00;57,57;para_transferi;banka_transferi;mobil;manisa;ziraat;3,0;0,0;0,0;0
525,0;5,0;2025-11-21;09:21:00;266,6;para_transferi;banka_transferi;mobil;manisa;garantiBBVA;2,0;0,0;0,0;0
526,0;5,0;2025-11-03;19:42:00;229,18;para_transferi;banka_transferi;mobil;manisa;garantiBBVA;1,0;0,0;0,0;0
527,0;4,0;2025-11-13;03:14:00;234,95;fatura;banka_karti;mobil;manisa;garantiBBVA;1,0;0,0;0,0;0
528,0;5,0;2025-10-13;20:51:00;100,33;alisveris;banka_karti;pos;manisa;garantiBBVA;2,0;0,0;0,0;0
529,0;5,0;2025-10-23;16:42:00;93,2;alisveris;banka_karti;pos;manisa;garantiBBVA;5,0;0,0;0,0;0
530,0;2,0;2025-09-15;19:29:00;5524,15;ogrenim_parasi;banka_karti;atm;manisa;ziraat;3,0;1,0;0,0;0
531,0;5,0;2025-10-14;00:15:00;588,0;para_transferi;banka_transferi;mobil;manisa;garantiBBVA;5,0;0,0;0,0;0
532,0;3,0;2025-12-02;07:19:00;140,98;alisveris;banka_karti;pos;manisa;yap?kredi;6,0;0,0;0,0;1
533,0;5,0;2025-10-19;18:14:00;11,27;para_transferi;banka_transferi;mobil;manisa;garantiBBVA;3,0;2,0;0,0;0
534,0;3,0;2025-12-11;16:49:00;231,93;alisveris;banka_karti;pos;manisa;yap?kredi;6,0;0,0;0,0;1
535,0;3,0;2025-12-08;13:39:00;549,78;nakit_cekme;banka_karti;atm;manisa;yap?kredi;9,0;1,0;0,0;1
536,0;3,0;2025-12-10;15:38:00;652,12;nakit_cekme;banka_karti;atm;manisa;yap?kredi;6,0;0,0;0,0;1
537,0;3,0;2025-12-08;22:27:00;184,67;para_transferi;banka_transferi;mobil;manisa;yap?kredi;9,0;0,0;0,0;1
538,0;2,0;2025-11-02;08:23:00;8,96;alisveris;banka_karti;pos;manisa;ziraat;2,0;0,0;0,0;0
539,0;3,0;2025-11-18;03:10:00;71,93;saglik_odemesi;banka_karti;pos;manisa;yap?kredi;3,0;0,0;0,0;0
540,0;2,0;2025-12-04;21:59:23;104,9;yemek;banka_transferi;mobil;manisa;ziraat;5,0;0,0;0,0;0
541,0;3,0;2025-12-17;12:06:00;4219,61;para_transferi;banka_transferi;mobil;manisa;yap?kredi;9,0;0,0;0,0;1
542,0;2,0;2025-11-10;19:36:00;85,79;para_transferi;banka_transferi;mobil;manisa;ziraat;2,0;0,0;0,0;0
543,0;2,0;2025-11-25;14:26:31;126,15;yemek;banka_karti;pos;manisa;ziraat;5,0;0,0;0,0;0
544,0;3,0;2025-12-07;12:55:00;847,48;alisveris;banka_karti;pos;manisa;yap?kredi;8,0;0,0;0,0;1
545,0;5,0;2025-11-02;07:01:00;333,58;para_transferi;banka_transferi;mobil;manisa;garantiBBVA;4,0;0,0;0,0;0
546,0;2,0;2025-11-21;17:30:26;40,15;yemek;banka_karti;pos;manisa;ziraat;5,0;1,0;0,0;0
547,0;3,0;2025-12-19;15:55:00;787,4;alisveris;banka_karti;pos;manisa;yap?kredi;8,0;0,0;0,0;1
548,0;3,0;2025-12-22;17:48:00;55,7;alisveris;banka_karti;pos;manisa;yap?kredi;4,0;0,0;0,0;0
549,0;5,0;2025-10-31;15:23:00;48,16;alisveris;banka_karti;pos;manisa;garantiBBVA;4,0;0,0;0,0;0
550,0;2,0;2025-11-08;19:36:00;84,07;para_transferi;banka_transferi;mobil;manisa;ziraat;2,0;0,0;0,0;0
551,0;5,0;2025-10-28;19:42:00;64,14;alisveris;banka_karti;pos;manisa;garantiBBVA;5,0;0,0;0,0;0
552,0;2,0;2025-11-21;04:57:00;99,5;ulasim_karti_yukleme;banka_karti;mobil;manisa;ziraat;2,0;0,0;0,0;0
553,0;2,0;2025-09-15;08:25:00;5476,36;para_transferi;banka_transferi;mobil;manisa;ziraat;3,0;0,0;0,0;1
554,0;2,0;2025-11-24;12:46:00;76,3;alisveris;banka_karti;pos;manisa;ziraat;5,0;0,0;0,0;0
555,0;5,0;2025-10-24;14:10:00;43644,57;teknolojik_alet;banka_karti;web;manisa;garantiBBVA;5,0;0,0;0,0;0
556,0;4,0;2025-11-05;01:14:00;278,36;fatura;banka_karti;mobil;manisa;garantiBBVA;1,0;0,0;0,0;0
557,0;2,0;2025-11-01;21:03:00;139,6;para_transferi;banka_transferi;mobil;manisa;ziraat;3,0;0,0;0,0;0
558,0;2,0;2025-11-19;10:23:00;9,59;alisveris;banka_karti;pos;manisa;ziraat;2,0;0,0;0,0;0
559,0;2,0;2025-12-06;15:06:00;29,19;toplu_tasima;banka_karti;pos;manisa;ziraat;4,0;0,0;0,0;0
560,0;5,0;2025-10-18;19:42:00;87,37;alisveris;banka_karti;pos;manisa;garantiBBVA;5,0;0,0;0,0;0
561,0;3,0;2025-12-17;10:19:00;129,61;alisveris;banka_karti;pos;manisa;yap?kredi;6,0;0,0;0,0;1
562,0;2,0;2025-09-11;23:31:00;571,37;fatura;banka_karti;mobil;manisa;ziraat;3,0;1,0;0,0;0
563,0;2,0;2025-08-31;18:03:00;115,91;alisveris;banka_karti;pos;manisa;ziraat;5,0;2,0;0,0;0
564,0;2,0;2025-11-10;15:06:00;151,11;yemek;banka_karti;pos;manisa;ziraat;3,0;0,0;0,0;0
565,0;2,0;2025-11-13;14:01:00;62,93;alisveris;banka_karti;pos;manisa;ziraat;2,0;0,0;0,0;0
566,0;3,0;2025-12-06;18:52:00;149,48;alisveris;banka_karti;pos;manisa;yap?kredi;9,0;2,0;0,0;1
567,0;5,0;2025-12-01;20:05:00;1697,31;para_transferi;banka_transferi;mobil;manisa;garantiBBVA;1,0;0,0;0,0;0
568,0;5,0;2025-10-16;14:41:00;893,5;para_transferi;banka_transferi;mobil;manisa;garantiBBVA;3,0;0,0;0,0;0
569,0;2,0;2025-11-18;22:21:00;204,52;yemek;banka_karti;pos;izmir;ziraat;2,0;0,0;0,0;0
570,0;5,0;2025-11-28;21:11:00;94,31;alisveris;banka_karti;pos;manisa;garantiBBVA;1,0;0,0;0,0;0
571,0;4,0;2025-11-15;13:29:00;69,28;alisveris;banka_karti;pos;manisa;garantiBBVA;3,0;0,0;0,0;0
572,0;5,0;2025-10-17;10:04:00;8219,51;para_transferi;banka_transferi;mobil;manisa;garantiBBVA;5,0;0,0;0,0;1
573,0;3,0;2025-12-21;15:49:00;236,34;alisveris;banka_karti;pos;manisa;yap?kredi;6,0;0,0;0,0;1
574,0;3,0;2025-12-07;09:05:00;507,4;alisveris;banka_karti;pos;manisa;yap?kredi;8,0;0,0;0,0;1
575,0;3,0;2025-12-05;14:39:00;478,21;nakit_cekme;banka_karti;atm;manisa;yap?kredi;9,0;1,0;0,0;1
576,0;2,0;2025-09-15;16:03:00;110,39;alisveris;banka_karti;pos;manisa;ziraat;5,0;2,0;0,0;0
577,0;5,0;2025-10-12;20:12:00;50,08;para_transferi;banka_transferi;mobil;manisa;garantiBBVA;3,0;1,0;0,0;0
578,0;4,0;2025-10-14;23:48:00;99,56;para_transferi;banka_transferi;mobil;manisa;garantiBBVA;3,0;1,0;0,0;0
579,0;4,0;2025-10-27;09:04:00;8556,57;para_transferi;banka_transferi;mobil;manisa;garantiBBVA;3,0;1,0;0,0;1
580,0;5,0;2025-10-11;00:15:00;535,61;para_transferi;banka_transferi;mobil;manisa;garantiBBVA;5,0;0,0;0,0;0
581,0;5,0;2025-11-08;15:20:00;108,49;alisveris;banka_karti;pos;manisa;garantiBBVA;2,0;0,0;0,0;0
582,0;5,0;2025-11-25;00:46:00;131,81;para_transferi;banka_transferi;mobil;manisa;garantiBBVA;5,0;0,0;0,0;0
583,0;3,0;2025-12-17;17:19:00;1272,41;fatura;banka_transferi;mobil;manisa;yap?kredi;4,0;0,0;0,0;0
584,0;4,0;2025-11-21;19:46:00;1881,48;para_transferi;banka_transferi;mobil;manisa;garantiBBVA;4,0;0,0;0,0;0
585,0;5,0;2025-11-15;19:34:00;77,19;alisveris;banka_karti;pos;manisa;garantiBBVA;5,0;0,0;0,0;0
586,0;2,0;2025-12-03;18:07:07;286,26;yemek;banka_transferi;mobil;manisa;ziraat;3,0;0,0;0,0;0
587,0;5,0;2025-10-25;16:50:00;130,39;para_transferi;banka_transferi;mobil;manisa;garantiBBVA;2,0;0,0;0,0;0
588,0;2,0;2025-10-30;18:04:00;40,09;alisveris;banka_karti;pos;manisa;ziraat;5,0;0,0;0,0;0
589,0;2,0;2025-09-15;16:49:00;4482,83;para_transferi;banka_transferi;mobil;manisa;ziraat;5,0;2,0;0,0;0
590,0;5,0;2025-10-15;15:43:00;52,01;alisveris;banka_karti;pos;manisa;garantiBBVA;2,0;0,0;0,0;0
591,0;4,0;2025-10-21;16:03:00;1055,52;para_transferi;banka_transferi;mobil;manisa;garantiBBVA;3,0;0,0;0,0;0
592,0;5,0;2025-11-27;00:09:00;797,88;para_transferi;banka_transferi;mobil;manisa;garantiBBVA;3,0;0,0;0,0;0
593,0;5,0;2025-09-30;02:34:00;381,36;para_transferi;banka_transferi;mobil;manisa;garantiBBVA;3,0;0,0;0,0;0
594,0;2,0;2025-09-11;20:43:00;232,8;nakit_cekme;banka_karti;atm;manisa;ziraat;4,0;0,0;0,0;0
595,0;2,0;2025-09-14;08:22:00;25,47;alisveris;banka_karti;pos;manisa;ziraat;3,0;0,0;0,0;0
596,0;2,0;2025-11-07;15:25:00;96,87;nakit_cekme;banka_karti;atm;manisa;ziraat;5,0;0,0;0,0;0
597,0;2,0;2025-11-11;20:03:00;170,04;para_transferi;banka_transferi;mobil;manisa;ziraat;3,0;0,0;0,0;0
598,0;3,0;2025-12-04;20:14:00;4915,99;para_transferi;banka_transferi;mobil;manisa;yap?kredi;4,0;0,0;0,0;0
599,0;2,0;2025-11-10;14:58:00;163,96;para_transferi;banka_transferi;mobil;manisa;ziraat;3,0;1,0;0,0;0
600,0;5,0;2025-11-12;00:52:00;82,46;para_transferi;banka_transferi;mobil;manisa;garantiBBVA;4,0;0,0;0,0;0
601,0;4,0;2025-01-22;22:11:00;127,13;para_transferi;banka_transferi;mobil;manisa;garantiBBVA;2,0;0,0;0,0;0
602,0;5,0;2025-10-06;23:16:00;494,83;para_transferi;banka_transferi;mobil;manisa;garantiBBVA;3,0;0,0;0,0;0
603,0;3,0;2025-12-05;16:03:00;63,34;yemek;banka_karti;pos;manisa;yap?kredi;8,0;1,0;0,0;1
604,0;2,0;2025-12-07;23:01:13;88,54;para_transferi;banka_transferi;mobil;manisa;ziraat;4,0;0,0;0,0;0
